{
  "ie": {
    "6": 0,
    "7": 0,
    "8": 0.16194331983805668,
    "9": 0.4048582995951417,
    "10": 0,
    "11": 3.967611336032389,
    "5.5": 0
  },
  "edge": {
    "12": 0,
    "13": 0,
    "14": 0,
    "15": 0.04048582995951417,
    "16": 0.08097165991902834,
    "17": 0.4858299595141701,
    "18": 1.376518218623482,
    "79": 0,
    "80": 0,
    "81": 0,
    "83": 0.08097165991902834,
    "84": 0.04048582995951417,
    "85": 0.08097165991902834,
    "86": 0.16194331983805668,
    "87": 0
  },
  "firefox": {
    "2": 0,
    "3": 0,
    "4": 0,
    "5": 0,
    "6": 0,
    "7": 0,
    "8": 0,
    "9": 0,
    "10": 0,
    "11": 0,
    "12": 0,
    "13": 0,
    "14": 0,
    "15": 0,
    "16": 0,
    "17": 0.5263157894736842,
    "18": 0,
    "19": 0,
    "20": 0,
    "21": 0,
    "22": 0,
    "23": 0,
    "24": 0,
    "25": 0,
    "26": 0,
    "27": 0,
    "28": 0,
    "29": 0,
    "30": 0,
    "31": 0,
    "32": 0,
    "33": 0,
    "34": 0,
    "35": 0,
    "36": 0,
    "37": 0,
    "38": 0.04048582995951417,
    "39": 0,
    "40": 0,
    "41": 0,
    "42": 0,
    "43": 0,
    "44": 0,
    "45": 0,
    "46": 0,
    "47": 0,
    "48": 0,
    "49": 0,
    "50": 0,
    "51": 0,
    "52": 0.44534412955465585,
    "53": 0,
    "54": 0,
    "55": 0,
    "56": 0,
    "57": 0,
    "58": 0,
    "59": 0,
    "60": 0.3643724696356275,
    "61": 0.32388663967611336,
    "62": 0.6072874493927125,
    "63": 0.2834008097165992,
    "64": 0.08097165991902834,
    "65": 0.12145748987854252,
    "66": 0.16194331983805668,
    "67": 0,
    "68": 0.04048582995951417,
    "69": 0.2834008097165992,
    "70": 0.24291497975708504,
    "71": 0.04048582995951417,
    "72": 0,
    "73": 0.04048582995951417,
    "74": 0.08097165991902834,
    "75": 0,
    "76": 0.12145748987854252,
    "77": 0.04048582995951417,
    "78": 0,
    "79": 0.04048582995951417,
    "80": 0,
    "81": 0,
    "82": 0,
    "83": 0,
    "84": 0,
    "85": 0,
    "86": 0,
    "3.5": 0,
    "3.6": 0
  },
  "chrome": {
    "4": 0,
    "5": 0,
    "6": 0,
    "7": 0,
    "8": 0,
    "9": 0,
    "10": 0,
    "11": 0,
    "12": 0,
    "13": 0,
    "14": 0,
    "15": 0,
    "16": 0,
    "17": 0,
    "18": 0,
    "19": 0,
    "20": 0,
    "21": 0,
    "22": 0,
    "23": 0,
    "24": 0,
    "25": 0,
    "26": 0,
    "27": 0,
    "28": 0,
    "29": 0,
    "30": 0,
    "31": 0,
    "32": 0,
    "33": 0,
    "34": 0,
    "35": 0,
    "36": 0,
    "37": 0,
    "38": 0,
    "39": 0,
    "40": 0.08097165991902834,
    "41": 0.04048582995951417,
    "42": 0.04048582995951417,
    "43": 0,
    "44": 0,
    "45": 0.04048582995951417,
    "46": 0,
    "47": 0.04048582995951417,
    "48": 0,
    "49": 4.2105263157894735,
    "50": 0,
    "51": 0.04048582995951417,
    "52": 0,
    "53": 0,
    "54": 0,
    "55": 0,
    "56": 0,
    "57": 0,
    "58": 0.04048582995951417,
    "59": 0.04048582995951417,
    "60": 0.20242914979757085,
    "61": 0.12145748987854252,
    "62": 0,
    "63": 0.2834008097165992,
    "64": 0.04048582995951417,
    "65": 0.6477732793522267,
    "66": 0.04048582995951417,
    "67": 0,
    "68": 0.3643724696356275,
    "69": 0.8906882591093117,
    "70": 1.214574898785425,
    "71": 0.931174089068826,
    "72": 1.5789473684210527,
    "73": 0.44534412955465585,
    "74": 0.8906882591093117,
    "75": 0.8502024291497976,
    "76": 0.5263157894736842,
    "77": 0.6477732793522267,
    "78": 0.44534412955465585,
    "79": 0.6477732793522267,
    "80": 5.587044534412955,
    "81": 0.20242914979757085,
    "83": 0.9716599190283401,
    "84": 0.44534412955465585,
    "85": 0.8097165991902834,
    "86": 0.3643724696356275,
    "87": 0.24291497975708504,
    "88": 0,
    "89": 0,
    "90": 0
  },
  "safari": {
    "4": 0,
    "5": 0,
    "6": 0,
    "7": 0,
    "8": 0,
    "9": 0,
    "10": 0,
    "11": 0.04048582995951417,
    "12": 0.44534412955465585,
    "13": 0.08097165991902834,
    "14": 0.04048582995951417,
    "3.1": 0,
    "3.2": 0,
    "5.1": 0,
    "6.1": 0,
    "7.1": 0,
    "9.1": 0,
    "10.1": 0,
    "11.1": 0.08097165991902834,
    "12.1": 0.20242914979757085,
    "13.1": 0.12145748987854252,
    "TP": 0
  },
  "opera": {
    "9": 0,
    "11": 0,
    "12": 0,
    "15": 0,
    "16": 0,
    "17": 0,
    "18": 0,
    "19": 0,
    "20": 0,
    "21": 0,
    "22": 0,
    "23": 0,
    "24": 0,
    "25": 0,
    "26": 0,
    "27": 0,
    "28": 0,
    "29": 0,
    "30": 0,
    "31": 0,
    "32": 0,
    "33": 0,
    "34": 0,
    "35": 0,
    "36": 0,
    "37": 0,
    "38": 0,
    "39": 0,
    "40": 0,
    "41": 0,
    "42": 0,
    "43": 0,
    "44": 0,
    "45": 0,
    "46": 0,
    "47": 0,
    "48": 0,
    "49": 0,
    "50": 0,
    "51": 0,
    "52": 0,
    "53": 0,
    "54": 0,
    "55": 0,
    "56": 0,
    "57": 0,
    "58": 0,
    "60": 0,
    "62": 0,
    "63": 0,
    "64": 0,
    "65": 0,
    "66": 0,
    "67": 0,
    "68": 0,
    "69": 0,
    "70": 0,
    "71": 0,
    "72": 0,
    "9.5-9.6": 0,
    "10.0-10.1": 0,
    "10.5": 0,
    "10.6": 0,
    "11.1": 0,
    "11.5": 0,
    "11.6": 0,
    "12.1": 0
  },
  "ios_saf": {
    "8": 0,
    "3.2": 0.12145748987854252,
    "4.0-4.1": 0,
    "4.2-4.3": 0,
    "5.0-5.1": 0,
    "6.0-6.1": 0,
    "7.0-7.1": 0.04048582995951417,
    "8.1-8.4": 0,
    "9.0-9.2": 0,
    "9.3": 0,
    "10.0-10.2": 0.6072874493927125,
    "10.3": 0.12145748987854252,
    "11.0-11.2": 1.2955465587044535,
    "11.3-11.4": 0.16194331983805668,
    "12.0-12.1": 5.020242914979757,
    "12.2-12.4": 5.910931174089069,
    "13.0-13.1": 1.45748987854251,
    "13.2": 0.20242914979757085,
    "13.3": 2.4696356275303644,
    "13.4-13.7": 3.8461538461538463,
    "14.0-14.2": 0.4858299595141701
  },
  "op_mini": {
    "all": 0
  },
  "android": {
    "3": 0,
    "4": 0.04048582995951417,
    "81": 0.5668016194331984,
    "2.1": 0,
    "2.2": 0,
    "2.3": 0,
    "4.1": 0,
    "4.2-4.3": 0,
    "4.4": 0,
    "4.4.3-4.4.4": 0
  },
  "bb": {
    "7": 0,
    "10": 0
  },
  "op_mob": {
    "10": 0,
    "11": 0,
    "12": 0,
    "59": 0,
    "11.1": 0,
    "11.5": 0,
    "12.1": 0
  },
  "and_chr": {
    "87": 31.05263157894737
  },
  "and_ff": {
    "83": 0
  },
  "ie_mob": {
    "10": 0,
    "11": 0
  },
  "and_uc": {
    "12.12": 0.44534412955465585
  },
  "samsung": {
    "4": 0,
    "5.0-5.4": 0,
    "6.2-6.4": 0,
    "7.2-7.4": 0,
    "8.2": 0,
    "9.2": 0,
    "10.1": 0,
    "11.1-11.2": 0,
    "12.0": 0,
    "13.0": 0
  },
  "and_qq": {
    "10.4": 0
  },
  "baidu": {
    "7.12": 0
  },
  "kaios": {
    "2.5": 0
  }
}
